{
    "resources": [
        {
            "name": "controller\\NotFound.controller.js.map"
        },
        {
            "name": "util\\utilHttp.js"
        },
        {
            "name": "util\\utilUI.js"
        },
        {
            "name": "util\\utilResponse.js"
        },
        {
            "name": "util\\utilPopUps.js"
        },
        {
            "name": "service\\service.js"
        },
        {
            "name": "util\\utilController.js"
        },
        {
            "name": "util\\util.js"
        },
        {
            "name": "model\\models.js"
        },
        {
            "name": "model\\formatter.js"
        },
        {
            "name": "libs\\moment.min.js"
        },
        {
            "name": "estructuras\\recibirDatos.js"
        },
        {
            "name": "estructuras\\enviarDatos.js"
        },
        {
            "name": "controller\\NotFound.controller.js"
        },
        {
            "name": "controller\\MainView.controller.js"
        },
        {
            "name": "controller\\BaseController.js"
        },
        {
            "name": "controller\\App.controller.js"
        },
        {
            "name": "manifest.json"
        },
        {
            "name": "constantes.js"
        },
        {
            "name": "Component.js"
        },
        {
            "name": "model\\formatter-dbg.js",
            "isDebug": true
        },
        {
            "name": "model\\formatter.js.map"
        },
        {
            "name": "util\\utilUI-dbg.js",
            "isDebug": true
        },
        {
            "name": "util\\utilUI.js.map"
        },
        {
            "name": "util\\utilResponse-dbg.js",
            "isDebug": true
        },
        {
            "name": "util\\utilResponse.js.map"
        },
        {
            "name": "util\\utilPopUps-dbg.js",
            "isDebug": true
        },
        {
            "name": "util\\utilPopUps.js.map"
        },
        {
            "name": "service\\service-dbg.js",
            "isDebug": true
        },
        {
            "name": "service\\service.js.map"
        },
        {
            "name": "util\\utilController-dbg.js",
            "isDebug": true
        },
        {
            "name": "util\\utilController.js.map"
        },
        {
            "name": "util\\util-dbg.js",
            "isDebug": true
        },
        {
            "name": "util\\util.js.map"
        },
        {
            "name": "model\\models-dbg.js",
            "isDebug": true
        },
        {
            "name": "model\\models.js.map"
        },
        {
            "name": "util\\utilHttp-dbg.js",
            "isDebug": true
        },
        {
            "name": "util\\utilHttp.js.map"
        },
        {
            "name": "libs\\moment.min-dbg.js",
            "isDebug": true
        },
        {
            "name": "libs\\moment.min.js.map"
        },
        {
            "name": "estructuras\\recibirDatos-dbg.js",
            "isDebug": true
        },
        {
            "name": "estructuras\\recibirDatos.js.map"
        },
        {
            "name": "estructuras\\enviarDatos-dbg.js",
            "isDebug": true
        },
        {
            "name": "estructuras\\enviarDatos.js.map"
        },
        {
            "name": "controller\\NotFound-dbg.controller.js",
            "isDebug": true
        },
        {
            "name": "i18n\\i18n.properties",
            "raw": "i18n\\i18n.properties"
        },
        {
            "name": "controller\\MainView-dbg.controller.js",
            "isDebug": true
        },
        {
            "name": "controller\\MainView.controller.js.map"
        },
        {
            "name": "controller\\BaseController-dbg.js",
            "isDebug": true
        },
        {
            "name": "controller\\BaseController.js.map"
        },
        {
            "name": "controller\\App-dbg.controller.js",
            "isDebug": true
        },
        {
            "name": "controller\\App.controller.js.map"
        },
        {
            "name": "constantes-dbg.js",
            "isDebug": true
        },
        {
            "name": "constantes.js.map"
        },
        {
            "name": "Component-dbg.js",
            "isDebug": true
        },
        {
            "name": "Component.js.map"
        },
        {
            "name": "Component-preload.js",
            "merged": true
        },
        {
            "name": "Component-preload.js.map"
        },
        {
            "name": "view\\fragment\\selectColumns.fragment.xml"
        },
        {
            "name": "view\\fragment\\exportExcel.fragment.xml"
        },
        {
            "name": "view\\fragment\\Details.fragment.xml"
        },
        {
            "name": "view\\fragment\\addAsignacion.fragment.xml"
        },
        {
            "name": "view\\NotFound.view.xml"
        },
        {
            "name": "view\\MainView.view.xml"
        },
        {
            "name": "view\\App.view.xml"
        },
        {
            "name": "css\\style.css"
        },
        {
            "name": "assets\\icono_user.jpg"
        },
        {
            "name": "index.html"
        }
    ]
}