{
  "estructuras/recibirDatos.js": 1700507753623,
  "util/utilHttp.js": 1700508741461,
  "util/utilUI.js": 1699479765391,
  "util/utilResponse.js": 1699479765390,
  "util/utilPopUps.js": 1699479765390,
  "service/service.js": 1699479765388,
  "util/utilController.js": 1699479765389,
  "util/util.js": 1699479765388,
  "model/models.js": 1700507753597,
  "model/formatter.js": 1699479765386,
  "libs/moment.min.js": 1699479765385,
  "i18n/i18n.properties": 1700507753597,
  "estructuras/enviarDatos.js": 1700507753623,
  "controller/NotFound.controller.js": 1700507753623,
  "controller/MainView.controller.js": 1700507753623,
  "controller/BaseController.js": 1700507753623,
  "controller/App.controller.js": 1700507753624,
  "manifest.json": 1700508923385,
  "constantes.js": 1700508848031,
  "Component.js": 1700507753401,
  "model/formatter-dbg.js": 1699479765386,
  "model/formatter.js.map": 1700508922141,
  "util/utilUI-dbg.js": 1699479765391,
  "util/utilUI.js.map": 1700508922115,
  "util/utilResponse-dbg.js": 1699479765390,
  "util/utilResponse.js.map": 1700508922183,
  "util/utilPopUps-dbg.js": 1699479765390,
  "util/utilPopUps.js.map": 1700508922251,
  "service/service-dbg.js": 1699479765388,
  "service/service.js.map": 1700508922155,
  "util/utilController-dbg.js": 1699479765389,
  "util/utilController.js.map": 1700508922155,
  "util/util-dbg.js": 1699479765388,
  "util/util.js.map": 1700508922160,
  "model/models-dbg.js": 1700507753597,
  "model/models.js.map": 1700508922188,
  "util/utilHttp-dbg.js": 1700508741461,
  "util/utilHttp.js.map": 1700508922315,
  "libs/moment.min-dbg.js": 1699479765385,
  "libs/moment.min.js.map": 1700508922667,
  "estructuras/recibirDatos-dbg.js": 1700507753623,
  "estructuras/recibirDatos.js.map": 1700508922250,
  "estructuras/enviarDatos-dbg.js": 1700507753623,
  "estructuras/enviarDatos.js.map": 1700508922298,
  "controller/NotFound-dbg.controller.js": 1700507753623,
  "controller/NotFound.controller.js.map": 1700508922283,
  "controller/MainView-dbg.controller.js": 1700507753623,
  "controller/MainView.controller.js.map": 1700508922639,
  "controller/BaseController-dbg.js": 1700507753623,
  "controller/BaseController.js.map": 1700508922390,
  "controller/App-dbg.controller.js": 1700507753624,
  "controller/App.controller.js.map": 1700508922351,
  "constantes-dbg.js": 1700508848031,
  "constantes.js.map": 1700508922374,
  "Component-dbg.js": 1700507753401,
  "Component.js.map": 1700508922389,
  "Component-preload.js": 1700508923359,
  "Component-preload.js.map": 1700508923360,
  "resources.json": 1700508923409,
  "view/fragment/selectColumns.fragment.xml": 1700507735626,
  "view/fragment/exportExcel.fragment.xml": 1699479765395,
  "view/fragment/Details.fragment.xml": 1700507540690,
  "view/fragment/addAsignacion.fragment.xml": 1700507540692,
  "view/NotFound.view.xml": 1700507753401,
  "view/MainView.view.xml": 1700507753402,
  "view/App.view.xml": 1700507753404,
  "css/style.css": 1699479765378,
  "assets/icono_user.jpg": 1699479765373,
  "index.html": 1700507753401
}