{
  "model/models.js": 1700433223943,
  "util/utilUI.js": 1693608931285,
  "util/utilResponse.js": 1693608931285,
  "util/utilPopUps.js": 1693608931285,
  "util/utilHttp.js": 1700463139198,
  "util/utilController.js": 1694552459966,
  "util/util.js": 1698424994838,
  "service/service.js": 1696878030288,
  "libs/moment.min.js": 1696878030285,
  "i18n/i18n.properties": 1699460890482,
  "model/formatter.js": 1693608931283,
  "estructuras/recibirDatos.js": 1700269448724,
  "estructuras/enviarDatos.js": 1699460890753,
  "controller/NotFound.controller.js": 1699460487185,
  "controller/MainView.controller.js": 1700343829713,
  "controller/BaseController.js": 1700433225660,
  "controller/App.controller.js": 1699460487318,
  "manifest.json": 1700463994391,
  "constantes.js": 1700463988125,
  "Component.js": 1699460487347,
  "constantes-dbg.js": 1700463988125,
  "constantes.js.map": 1700463994169,
  "util/utilResponse-dbg.js": 1693608931285,
  "util/utilResponse.js.map": 1700463994178,
  "util/utilPopUps-dbg.js": 1693608931285,
  "util/utilPopUps.js.map": 1700463994201,
  "util/utilHttp-dbg.js": 1700463139198,
  "util/utilHttp.js.map": 1700463994203,
  "util/utilController-dbg.js": 1694552459966,
  "util/utilController.js.map": 1700463994173,
  "util/util-dbg.js": 1698424994838,
  "util/util.js.map": 1700463994174,
  "service/service-dbg.js": 1696878030288,
  "service/service.js.map": 1700463994179,
  "libs/moment.min-dbg.js": 1696878030285,
  "libs/moment.min.js.map": 1700463994273,
  "model/models-dbg.js": 1700433223943,
  "model/models.js.map": 1700463994185,
  "model/formatter-dbg.js": 1693608931283,
  "model/formatter.js.map": 1700463994187,
  "estructuras/recibirDatos-dbg.js": 1700269448724,
  "estructuras/recibirDatos.js.map": 1700463994196,
  "estructuras/enviarDatos-dbg.js": 1699460890753,
  "estructuras/enviarDatos.js.map": 1700463994201,
  "controller/NotFound-dbg.controller.js": 1699460487185,
  "controller/NotFound.controller.js.map": 1700463994207,
  "controller/MainView-dbg.controller.js": 1700343829713,
  "controller/MainView.controller.js.map": 1700463994254,
  "controller/BaseController-dbg.js": 1700433225660,
  "controller/BaseController.js.map": 1700463994220,
  "controller/App-dbg.controller.js": 1699460487318,
  "controller/App.controller.js.map": 1700463994208,
  "util/utilUI-dbg.js": 1693608931285,
  "util/utilUI.js.map": 1700463994210,
  "Component-dbg.js": 1699460487347,
  "Component.js.map": 1700463994212,
  "Component-preload.js": 1700463994386,
  "Component-preload.js.map": 1700463994386,
  "resources.json": 1700463994394,
  "view/fragment/selectColumns.fragment.xml": 1699460498464,
  "view/fragment/exportExcel.fragment.xml": 1698370909757,
  "view/fragment/addAsignacion.fragment.xml": 1700269724355,
  "view/fragment/Details.fragment.xml": 1700340620768,
  "view/NotFound.view.xml": 1699460484449,
  "view/MainView.view.xml": 1700344058988,
  "view/App.view.xml": 1699460484427,
  "css/style.css": 1698370909755,
  "assets/icono_user.jpg": 1693608931280,
  "index.html": 1700183015042,
  ".DS_Store": 1698679842603
}